<configuration>
	<appender name="FILE" class="ch.qos.logback.core.rolling.RollingFileAppender">
		<file>E:/Pinnacle/logs/application.log</file>
		<rollingPolicy class="ch.qos.logback.core.rolling.TimeBasedRollingPolicy">
			<fileNamePattern>${LOG_FILE_PATH}/application-%d{yyyy-MM-dd}.log</fileNamePattern>
			<maxHistory>7</maxHistory>
		</rollingPolicy>
		<encoder>
			<pattern>%d{yyyy-MM-dd HH:mm:ss} [%thread] %-5level %log{36} - %msg%n</pattern>
		</encoder>
	</appender>

	
	<root level="info">
		<appender-ref ref="FILE" />
	</root>
</configuration>
